date,sales
2023-01-01,236.09
2023-02-01,239.73
2023-03-01,292.15
2023-04-01,296.49
2023-05-01,225.27
2023-06-01,
2023-07-01,223.99
2023-08-01,201.71
2023-09-01,208.24
2023-10-01,208.12
2023-11-01,273.3
2023-12-01,309.84
2024-01-01,334.18
2024-02-01,385.93
2024-03-01,389.35
2024-04-01,1306.45
2024-05-01,374.52
2024-06-01,326.54
2024-07-01,341.85
2024-08-01,309.9
2024-09-01,
2024-10-01,314.42
2024-11-01,383.02
2024-12-01,394.05
2025-01-01,427.15
2025-02-01,459.2
2025-03-01,493.5
2025-04-01,490.7
2025-05-01,478.25
2025-06-01,457.19
2025-07-01,469.98
2025-08-01,405.62
2025-09-01,404.04
2025-10-01,414.62
2025-11-01,473.75
2025-12-01,522.58
